ID,scheme,BER,state,total_frames,retransmission,time(ms),efficiency,throughput
1,ARQ,0.001,1,3,1,0.0369,0.555556,4336.04
2,ARQ,0.001,1,3,0,0.0273,0.740741,5860.81
3,ARQ,0.001,1,3,0,0.0259,0.740741,6177.61
4,ARQ,0.001,1,3,0,0.0246,0.740741,6504.07
5,ARQ,0.001,1,3,0,0.0245,0.740741,6530.61
6,ARQ,0.001,1,3,0,0.0243,0.740741,6584.36
7,ARQ,0.001,1,3,0,0.0241,0.740741,6639
8,ARQ,0.001,1,3,0,0.0241,0.740741,6639
9,ARQ,0.001,1,3,0,0.024,0.740741,6666.67
10,ARQ,0.001,1,3,0,0.0243,0.740741,6584.36
11,ARQ,0.001,1,3,0,0.0241,0.740741,6639
12,ARQ,0.001,1,3,0,0.0253,0.740741,6324.11
13,ARQ,0.001,1,3,0,0.0244,0.740741,6557.38
14,ARQ,0.001,1,3,0,0.0242,0.740741,6611.57
15,ARQ,0.001,1,3,0,0.0252,0.740741,6349.21
16,ARQ,0.001,1,3,0,0.0241,0.740741,6639
17,ARQ,0.001,1,3,1,0.0279,0.555556,5734.77
18,ARQ,0.001,1,3,0,0.0255,0.740741,6274.51
19,ARQ,0.001,1,3,0,0.0243,0.740741,6584.36
20,ARQ,0.001,1,3,0,0.0242,0.740741,6611.57
21,ARQ,0.001,1,3,0,0.024,0.740741,6666.67
22,ARQ,0.001,1,3,0,0.024,0.740741,6666.67
23,ARQ,0.001,1,3,0,0.0245,0.740741,6530.61
24,ARQ,0.001,1,3,0,0.0276,0.740741,5797.1
25,ARQ,0.001,1,3,1,0.0278,0.555556,5755.4
26,ARQ,0.001,1,3,0,0.0245,0.740741,6530.61
27,ARQ,0.001,1,3,0,0.0241,0.740741,6639
28,ARQ,0.001,1,3,1,0.0279,0.555556,5734.77
29,ARQ,0.001,1,3,0,0.025,0.740741,6400
30,ARQ,0.001,1,3,0,0.0242,0.740741,6611.57
31,ARQ,0.001,1,3,0,0.0244,0.740741,6557.38
32,ARQ,0.001,1,3,0,0.0251,0.740741,6374.5
33,ARQ,0.001,1,3,0,0.0243,0.740741,6584.36
34,ARQ,0.001,1,3,0,0.0244,0.740741,6557.38
35,ARQ,0.001,1,3,0,0.0257,0.740741,6225.68
36,ARQ,0.001,1,3,0,0.0243,0.740741,6584.36
37,ARQ,0.001,1,3,2,0.0354,0.444444,4519.77
38,ARQ,0.001,1,3,0,0.0242,0.740741,6611.57
39,ARQ,0.001,1,3,0,0.0244,0.740741,6557.38
40,ARQ,0.001,1,3,0,0.0242,0.740741,6611.57
41,ARQ,0.001,1,3,0,0.024,0.740741,6666.67
42,ARQ,0.001,1,3,2,0.0355,0.444444,4507.04
43,ARQ,0.001,1,3,0,0.0251,0.740741,6374.5
44,ARQ,0.001,1,3,0,0.0241,0.740741,6639
45,ARQ,0.001,1,3,0,0.0241,0.740741,6639
46,ARQ,0.001,1,3,1,0.0276,0.555556,5797.1
47,ARQ,0.001,1,3,0,0.0276,0.740741,5797.1
48,ARQ,0.001,1,3,0,0.0243,0.740741,6584.36
49,ARQ,0.001,1,3,0,0.0252,0.740741,6349.21
50,ARQ,0.001,1,3,0,0.0244,0.740741,6557.38
51,ARQ,0.001,1,3,0,0.0241,0.740741,6639
52,ARQ,0.001,1,3,0,0.0256,0.740741,6250
53,ARQ,0.001,1,3,0,0.0244,0.740741,6557.38
54,ARQ,0.001,1,3,0,0.0242,0.740741,6611.57
55,ARQ,0.001,1,3,0,0.0243,0.740741,6584.36
56,ARQ,0.001,1,3,0,0.0243,0.740741,6584.36
57,ARQ,0.001,1,3,0,0.0244,0.740741,6557.38
58,ARQ,0.001,1,3,0,0.0242,0.740741,6611.57
59,ARQ,0.001,1,3,0,0.0242,0.740741,6611.57
60,ARQ,0.001,1,3,0,0.0242,0.740741,6611.57
61,ARQ,0.001,1,3,0,0.0242,0.740741,6611.57
62,ARQ,0.001,1,3,0,0.0246,0.740741,6504.07
63,ARQ,0.001,1,3,0,0.0256,0.740741,6250
64,ARQ,0.001,1,3,0,0.0242,0.740741,6611.57
65,ARQ,0.001,1,3,0,0.0242,0.740741,6611.57
66,ARQ,0.001,1,3,0,0.0252,0.740741,6349.21
67,ARQ,0.001,1,3,0,0.0244,0.740741,6557.38
68,ARQ,0.001,1,3,0,0.0241,0.740741,6639
69,ARQ,0.001,1,3,1,0.0273,0.555556,5860.81
70,ARQ,0.001,1,3,0,0.0242,0.740741,6611.57
71,ARQ,0.001,1,3,0,0.0321,0.740741,4984.42
72,ARQ,0.001,1,3,0,0.0255,0.740741,6274.51
73,ARQ,0.001,1,3,0,0.0246,0.740741,6504.07
74,ARQ,0.001,1,3,0,0.024,0.740741,6666.67
75,ARQ,0.001,1,3,0,0.0241,0.740741,6639
76,ARQ,0.001,1,3,0,0.0243,0.740741,6584.36
77,ARQ,0.001,1,3,1,0.0278,0.555556,5755.4
78,ARQ,0.001,1,3,0,0.0245,0.740741,6530.61
79,ARQ,0.001,1,3,0,0.024,0.740741,6666.67
80,ARQ,0.001,1,3,0,0.0258,0.740741,6201.55
81,ARQ,0.001,1,3,0,0.0242,0.740741,6611.57
82,ARQ,0.001,1,3,0,0.0242,0.740741,6611.57
83,ARQ,0.001,1,3,0,0.0252,0.740741,6349.21
84,ARQ,0.001,1,3,1,0.0274,0.555556,5839.42
85,ARQ,0.001,1,3,0,0.0241,0.740741,6639
86,ARQ,0.001,1,3,0,0.0255,0.740741,6274.51
87,ARQ,0.001,1,3,0,0.0243,0.740741,6584.36
88,ARQ,0.001,1,3,1,0.0278,0.555556,5755.4
89,ARQ,0.001,1,3,0,0.0244,0.740741,6557.38
90,ARQ,0.001,1,3,0,0.0241,0.740741,6639
91,ARQ,0.001,1,3,0,0.0243,0.740741,6584.36
92,ARQ,0.001,1,3,1,0.0273,0.555556,5860.81
93,ARQ,0.001,1,3,0,0.0255,0.740741,6274.51
94,ARQ,0.001,1,3,0,0.0245,0.740741,6530.61
95,ARQ,0.001,1,3,0,0.0244,0.740741,6557.38
96,ARQ,0.001,1,3,0,0.0243,0.740741,6584.36
97,ARQ,0.001,1,3,1,0.0299,0.555556,5351.17
98,ARQ,0.001,1,3,0,0.0242,0.740741,6611.57
99,ARQ,0.001,1,3,0,0.0244,0.740741,6557.38
100,ARQ,0.001,1,3,0,0.0256,0.740741,6250
101,HARQ,0.001,1,3,0,0.2146,0.740741,745.573
102,HARQ,0.001,1,3,0,0.1995,0.740741,802.005
103,HARQ,0.001,1,3,0,0.2049,0.740741,780.869
104,HARQ,0.001,1,3,0,0.1994,0.740741,802.407
105,HARQ,0.001,1,3,0,0.1987,0.740741,805.234
106,HARQ,0.001,1,3,0,0.2053,0.740741,779.347
107,HARQ,0.001,1,3,0,0.1985,0.740741,806.045
108,HARQ,0.001,1,3,0,0.201,0.740741,796.02
109,HARQ,0.001,1,3,0,0.2009,0.740741,796.416
110,HARQ,0.001,1,3,0,0.1987,0.740741,805.234
111,HARQ,0.001,1,3,0,0.1975,0.740741,810.127
112,HARQ,0.001,1,3,0,0.2028,0.740741,788.955
113,HARQ,0.001,1,3,0,0.1986,0.740741,805.639
114,HARQ,0.001,1,3,0,0.1985,0.740741,806.045
115,HARQ,0.001,1,3,0,0.2017,0.740741,793.257
116,HARQ,0.001,1,3,0,0.2064,0.740741,775.194
117,HARQ,0.001,1,3,0,0.2087,0.740741,766.651
118,HARQ,0.001,1,3,0,0.2003,0.740741,798.802
119,HARQ,0.001,1,3,0,0.1982,0.740741,807.265
120,HARQ,0.001,1,3,0,0.1989,0.740741,804.424
121,HARQ,0.001,1,3,0,0.2011,0.740741,795.624
122,HARQ,0.001,1,3,0,0.2006,0.740741,797.607
123,HARQ,0.001,1,3,0,0.2065,0.740741,774.818
124,HARQ,0.001,1,3,0,0.2006,0.740741,797.607
125,HARQ,0.001,1,3,0,0.2042,0.740741,783.546
126,HARQ,0.001,1,3,0,0.2044,0.740741,782.779
127,HARQ,0.001,1,3,0,0.2034,0.740741,786.627
128,HARQ,0.001,1,3,0,0.2042,0.740741,783.546
129,HARQ,0.001,1,3,0,0.2032,0.740741,787.402
130,HARQ,0.001,1,3,0,0.2195,0.740741,728.929
131,HARQ,0.001,1,3,0,0.2029,0.740741,788.566
132,HARQ,0.001,1,3,0,0.2028,0.740741,788.955
133,HARQ,0.001,1,3,0,0.2037,0.740741,785.469
134,HARQ,0.001,1,3,0,0.2038,0.740741,785.083
135,HARQ,0.001,1,3,0,0.2086,0.740741,767.018
136,HARQ,0.001,1,3,0,0.2058,0.740741,777.454
137,HARQ,0.001,1,3,0,0.202,0.740741,792.079
138,HARQ,0.001,1,3,0,0.2139,0.740741,748.013
139,HARQ,0.001,1,3,0,0.2026,0.740741,789.733
140,HARQ,0.001,1,3,0,0.2032,0.740741,787.402
141,HARQ,0.001,1,3,0,0.206,0.740741,776.699
142,HARQ,0.001,1,3,0,0.2003,0.740741,798.802
143,HARQ,0.001,1,3,0,0.2057,0.740741,777.832
144,HARQ,0.001,1,3,0,0.207,0.740741,772.947
145,HARQ,0.001,1,3,0,0.2028,0.740741,788.955
146,HARQ,0.001,1,3,0,0.2081,0.740741,768.861
147,HARQ,0.001,1,3,0,0.2036,0.740741,785.855
148,HARQ,0.001,1,3,0,0.2033,0.740741,787.014
149,HARQ,0.001,1,3,0,0.2085,0.740741,767.386
150,HARQ,0.001,1,3,0,0.2028,0.740741,788.955
151,HARQ,0.001,1,3,0,0.2029,0.740741,788.566
152,HARQ,0.001,1,3,0,0.2142,0.740741,746.965
153,HARQ,0.001,1,3,0,0.2368,0.740741,675.676
154,HARQ,0.001,1,3,0,0.2168,0.740741,738.007
155,HARQ,0.001,1,3,0,0.217,0.740741,737.327
156,HARQ,0.001,1,3,0,0.2022,0.740741,791.296
157,HARQ,0.001,1,3,0,0.212,0.740741,754.717
158,HARQ,0.001,1,3,0,0.2029,0.740741,788.566
159,HARQ,0.001,1,3,0,0.2076,0.740741,770.713
160,HARQ,0.001,1,3,0,0.2154,0.740741,742.804
161,HARQ,0.001,1,3,0,0.2118,0.740741,755.43
162,HARQ,0.001,1,3,0,0.2239,0.740741,714.605
163,HARQ,0.001,1,3,0,0.2049,0.740741,780.869
164,HARQ,0.001,1,3,0,0.2159,0.740741,741.084
165,HARQ,0.001,1,3,0,0.2086,0.740741,767.018
166,HARQ,0.001,1,3,0,0.2116,0.740741,756.144
167,HARQ,0.001,1,3,0,0.21,0.740741,761.905
168,HARQ,0.001,1,3,0,0.2029,0.740741,788.566
169,HARQ,0.001,1,3,0,0.2077,0.740741,770.342
170,HARQ,0.001,1,3,0,0.2039,0.740741,784.698
171,HARQ,0.001,1,3,0,0.2019,0.740741,792.472
172,HARQ,0.001,1,3,0,0.2185,0.740741,732.265
173,HARQ,0.001,1,3,0,0.2106,0.740741,759.734
174,HARQ,0.001,1,3,0,0.2501,0.740741,639.744
175,HARQ,0.001,1,3,0,0.2316,0.740741,690.846
176,HARQ,0.001,1,3,0,0.2088,0.740741,766.284
177,HARQ,0.001,1,3,0,0.2195,0.740741,728.929
178,HARQ,0.001,1,3,0,0.2069,0.740741,773.32
179,HARQ,0.001,1,3,0,0.2086,0.740741,767.018
180,HARQ,0.001,1,3,0,0.2012,0.740741,795.229
181,HARQ,0.001,1,3,0,0.205,0.740741,780.488
182,HARQ,0.001,1,3,0,0.2085,0.740741,767.386
183,HARQ,0.001,1,3,0,0.2133,0.740741,750.117
184,HARQ,0.001,1,3,0,0.2203,0.740741,726.282
185,HARQ,0.001,1,3,0,0.205,0.740741,780.488
186,HARQ,0.001,1,3,0,0.2048,0.740741,781.25
187,HARQ,0.001,1,3,0,0.2042,0.740741,783.546
188,HARQ,0.001,1,3,0,0.2105,0.740741,760.095
189,HARQ,0.001,1,3,0,0.2056,0.740741,778.21
190,HARQ,0.001,1,3,0,0.2066,0.740741,774.443
191,HARQ,0.001,1,3,0,0.2066,0.740741,774.443
192,HARQ,0.001,1,3,0,0.2027,0.740741,789.344
193,HARQ,0.001,1,3,0,0.208,0.740741,769.231
194,HARQ,0.001,1,3,0,0.2049,0.740741,780.869
195,HARQ,0.001,1,3,0,0.2028,0.740741,788.955
196,HARQ,0.001,1,3,0,0.2073,0.740741,771.828
197,HARQ,0.001,1,3,0,0.2037,0.740741,785.469
198,HARQ,0.001,1,3,0,0.2024,0.740741,790.514
199,HARQ,0.001,1,3,0,0.2107,0.740741,759.374
200,HARQ,0.001,1,3,0,0.2047,0.740741,781.632
201,ARQ,0.005,1,3,0,0.0272,0.740741,5882.35
202,ARQ,0.005,1,3,0,0.0242,0.740741,6611.57
203,ARQ,0.005,1,3,3,0.0395,0.37037,4050.63
204,ARQ,0.005,1,3,2,0.0354,0.444444,4519.77
205,ARQ,0.005,1,3,1,0.0273,0.555556,5860.81
206,ARQ,0.005,1,3,0,0.0242,0.740741,6611.57
207,ARQ,0.005,1,3,1,0.0279,0.555556,5734.77
208,ARQ,0.005,1,3,1,0.0289,0.555556,5536.33
209,ARQ,0.005,1,3,1,0.0278,0.555556,5755.4
210,ARQ,0.005,1,3,1,0.0276,0.555556,5797.1
211,ARQ,0.005,1,3,0,0.0248,0.740741,6451.61
212,ARQ,0.005,1,3,1,0.028,0.555556,5714.29
213,ARQ,0.005,1,3,1,0.0276,0.555556,5797.1
214,ARQ,0.005,1,3,2,0.0351,0.444444,4558.4
215,ARQ,0.005,1,3,0,0.0239,0.740741,6694.56
216,ARQ,0.005,1,3,1,0.0289,0.555556,5536.33
217,ARQ,0.005,1,3,0,0.0236,0.740741,6779.66
218,ARQ,0.005,1,3,1,0.0277,0.555556,5776.17
219,ARQ,0.005,1,3,1,0.0278,0.555556,5755.4
220,ARQ,0.005,1,3,2,0.0357,0.444444,4481.79
221,ARQ,0.005,1,3,1,0.0277,0.555556,5776.17
222,ARQ,0.005,1,3,0,0.0244,0.740741,6557.38
223,ARQ,0.005,1,3,2,0.0355,0.444444,4507.04
224,ARQ,0.005,1,3,2,0.0357,0.444444,4481.79
225,ARQ,0.005,1,3,0,0.0242,0.740741,6611.57
226,ARQ,0.005,1,3,1,0.0277,0.555556,5776.17
227,ARQ,0.005,1,3,2,0.0368,0.444444,4347.83
228,ARQ,0.005,1,3,2,0.0356,0.444444,4494.38
229,ARQ,0.005,1,3,4,0.0386,0.31746,4145.08
230,ARQ,0.005,1,3,0,0.024,0.740741,6666.67
231,ARQ,0.005,1,3,0,0.0242,0.740741,6611.57
232,ARQ,0.005,1,3,0,0.024,0.740741,6666.67
233,ARQ,0.005,1,3,0,0.0243,0.740741,6584.36
234,ARQ,0.005,1,3,1,0.0278,0.555556,5755.4
235,ARQ,0.005,1,3,1,0.0272,0.555556,5882.35
236,ARQ,0.005,1,3,1,0.028,0.555556,5714.29
237,ARQ,0.005,1,3,0,0.0242,0.740741,6611.57
238,ARQ,0.005,1,3,2,0.0375,0.444444,4266.67
239,ARQ,0.005,1,3,6,0.0506,0.246914,3162.06
240,ARQ,0.005,1,3,0,0.0245,0.740741,6530.61
241,ARQ,0.005,1,3,0,0.0241,0.740741,6639
242,ARQ,0.005,1,3,1,0.0278,0.555556,5755.4
243,ARQ,0.005,1,3,0,0.0241,0.740741,6639
244,ARQ,0.005,1,3,2,0.0297,0.444444,5387.21
245,ARQ,0.005,1,3,1,0.0279,0.555556,5734.77
246,ARQ,0.005,1,3,0,0.0255,0.740741,6274.51
247,ARQ,0.005,1,3,2,0.0356,0.444444,4494.38
248,ARQ,0.005,1,3,0,0.0242,0.740741,6611.57
249,ARQ,0.005,1,3,2,0.0373,0.444444,4289.54
250,ARQ,0.005,1,3,2,0.0294,0.444444,5442.18
251,ARQ,0.005,1,3,1,0.0277,0.555556,5776.17
252,ARQ,0.005,1,3,0,0.0241,0.740741,6639
253,ARQ,0.005,1,3,1,0.0264,0.555556,6060.61
254,ARQ,0.005,1,3,1,0.0292,0.555556,5479.45
255,ARQ,0.005,1,3,1,0.0277,0.555556,5776.17
256,ARQ,0.005,1,3,0,0.0239,0.740741,6694.56
257,ARQ,0.005,1,3,3,0.0404,0.37037,3960.4
258,ARQ,0.005,1,3,0,0.0244,0.740741,6557.38
259,ARQ,0.005,1,3,3,0.0307,0.37037,5211.73
260,ARQ,0.005,1,3,1,0.028,0.555556,5714.29
261,ARQ,0.005,1,3,0,0.0241,0.740741,6639
262,ARQ,0.005,1,3,1,0.0278,0.555556,5755.4
263,ARQ,0.005,1,3,0,0.0241,0.740741,6639
264,ARQ,0.005,1,3,0,0.0244,0.740741,6557.38
265,ARQ,0.005,1,3,1,0.0293,0.555556,5460.75
266,ARQ,0.005,1,3,1,0.0277,0.555556,5776.17
267,ARQ,0.005,1,3,1,0.0274,0.555556,5839.42
268,ARQ,0.005,1,3,0,0.0255,0.740741,6274.51
269,ARQ,0.005,1,3,0,0.0239,0.740741,6694.56
270,ARQ,0.005,1,3,4,0.043,0.31746,3720.93
271,ARQ,0.005,1,3,1,0.0279,0.555556,5734.77
272,ARQ,0.005,1,3,0,0.024,0.740741,6666.67
273,ARQ,0.005,1,3,1,0.0278,0.555556,5755.4
274,ARQ,0.005,1,3,2,0.0353,0.444444,4532.58
275,ARQ,0.005,1,3,0,0.024,0.740741,6666.67
276,ARQ,0.005,1,3,1,0.029,0.555556,5517.24
277,ARQ,0.005,1,3,2,0.0295,0.444444,5423.73
278,ARQ,0.005,1,3,0,0.0236,0.740741,6779.66
279,ARQ,0.005,1,3,1,0.0293,0.555556,5460.75
280,ARQ,0.005,1,3,6,0.0485,0.246914,3298.97
281,ARQ,0.005,1,3,0,0.0243,0.740741,6584.36
282,ARQ,0.005,1,3,5,0.0464,0.277778,3448.28
283,ARQ,0.005,1,3,0,0.0244,0.740741,6557.38
284,ARQ,0.005,1,3,1,0.0307,0.555556,5211.73
285,ARQ,0.005,1,3,2,0.0357,0.444444,4481.79
286,ARQ,0.005,1,3,2,0.0351,0.444444,4558.4
287,ARQ,0.005,1,3,2,0.0367,0.444444,4359.67
288,ARQ,0.005,1,3,1,0.0261,0.555556,6130.27
289,ARQ,0.005,1,3,0,0.0241,0.740741,6639
290,ARQ,0.005,1,3,2,0.0283,0.444444,5653.71
291,ARQ,0.005,1,3,2,0.0307,0.444444,5211.73
292,ARQ,0.005,1,3,0,0.0256,0.740741,6250
293,ARQ,0.005,1,3,1,0.0276,0.555556,5797.1
294,ARQ,0.005,1,3,0,0.024,0.740741,6666.67
295,ARQ,0.005,1,3,0,0.0253,0.740741,6324.11
296,ARQ,0.005,1,3,1,0.0274,0.555556,5839.42
297,ARQ,0.005,1,3,0,0.024,0.740741,6666.67
298,ARQ,0.005,1,3,0,0.0241,0.740741,6639
299,ARQ,0.005,1,3,0,0.0241,0.740741,6639
300,ARQ,0.005,1,3,2,0.0358,0.444444,4469.27
301,HARQ,0.005,1,3,0,0.2055,0.740741,778.589
302,HARQ,0.005,1,3,0,0.2155,0.740741,742.459
303,HARQ,0.005,1,3,0,0.2034,0.740741,786.627
304,HARQ,0.005,1,3,0,0.2107,0.740741,759.374
305,HARQ,0.005,1,3,0,0.2035,0.740741,786.241
306,HARQ,0.005,1,3,0,0.2135,0.740741,749.415
307,HARQ,0.005,1,3,0,0.2138,0.740741,748.363
308,HARQ,0.005,1,3,0,0.2028,0.740741,788.955
309,HARQ,0.005,1,3,0,0.2051,0.740741,780.107
310,HARQ,0.005,1,3,0,0.2105,0.740741,760.095
311,HARQ,0.005,1,3,1,0.2754,0.555556,580.973
312,HARQ,0.005,1,3,0,0.2041,0.740741,783.929
313,HARQ,0.005,1,3,0,0.2027,0.740741,789.344
314,HARQ,0.005,1,3,0,0.2046,0.740741,782.014
315,HARQ,0.005,1,3,0,0.2718,0.740741,588.668
316,HARQ,0.005,1,3,0,0.2059,0.740741,777.076
317,HARQ,0.005,1,3,0,0.2192,0.740741,729.927
318,HARQ,0.005,1,3,0,0.2226,0.740741,718.778
319,HARQ,0.005,1,3,0,0.2068,0.740741,773.694
320,HARQ,0.005,1,3,0,0.2028,0.740741,788.955
321,HARQ,0.005,1,3,0,0.2062,0.740741,775.946
322,HARQ,0.005,1,3,0,0.2043,0.740741,783.162
323,HARQ,0.005,1,3,0,0.2044,0.740741,782.779
324,HARQ,0.005,1,3,0,0.2107,0.740741,759.374
325,HARQ,0.005,1,3,0,0.203,0.740741,788.177
326,HARQ,0.005,1,3,0,0.213,0.740741,751.174
327,HARQ,0.005,1,3,0,0.2132,0.740741,750.469
328,HARQ,0.005,1,3,0,0.2029,0.740741,788.566
329,HARQ,0.005,1,3,0,0.2063,0.740741,775.57
330,HARQ,0.005,1,3,0,0.2084,0.740741,767.754
331,HARQ,0.005,1,3,0,0.2052,0.740741,779.727
332,HARQ,0.005,1,3,0,0.2066,0.740741,774.443
333,HARQ,0.005,1,3,0,0.2015,0.740741,794.045
334,HARQ,0.005,1,3,0,0.2057,0.740741,777.832
335,HARQ,0.005,1,3,0,0.2082,0.740741,768.492
336,HARQ,0.005,1,3,0,0.2072,0.740741,772.201
337,HARQ,0.005,1,3,0,0.2026,0.740741,789.733
338,HARQ,0.005,1,3,0,0.2044,0.740741,782.779
339,HARQ,0.005,1,3,0,0.2038,0.740741,785.083
340,HARQ,0.005,1,3,0,0.2031,0.740741,787.789
341,HARQ,0.005,1,3,0,0.2233,0.740741,716.525
342,HARQ,0.005,1,3,0,0.2045,0.740741,782.396
343,HARQ,0.005,1,3,0,0.2013,0.740741,794.834
344,HARQ,0.005,1,3,0,0.2042,0.740741,783.546
345,HARQ,0.005,1,3,0,0.2149,0.740741,744.532
346,HARQ,0.005,1,3,0,0.2023,0.740741,790.905
347,HARQ,0.005,1,3,0,0.2096,0.740741,763.359
348,HARQ,0.005,1,3,0,0.2023,0.740741,790.905
349,HARQ,0.005,1,3,0,0.2052,0.740741,779.727
350,HARQ,0.005,1,3,0,0.2078,0.740741,769.971
351,HARQ,0.005,1,3,0,0.2031,0.740741,787.789
352,HARQ,0.005,1,3,0,0.2106,0.740741,759.734
353,HARQ,0.005,1,3,0,0.2025,0.740741,790.123
354,HARQ,0.005,1,3,0,0.204,0.740741,784.314
355,HARQ,0.005,1,3,0,0.2071,0.740741,772.574
356,HARQ,0.005,1,3,0,0.2028,0.740741,788.955
357,HARQ,0.005,1,3,0,0.2058,0.740741,777.454
358,HARQ,0.005,1,3,0,0.2084,0.740741,767.754
359,HARQ,0.005,1,3,0,0.2039,0.740741,784.698
360,HARQ,0.005,1,3,0,0.2039,0.740741,784.698
361,HARQ,0.005,1,3,1,0.271,0.555556,590.406
362,HARQ,0.005,1,3,0,0.2057,0.740741,777.832
363,HARQ,0.005,1,3,0,0.2097,0.740741,762.995
364,HARQ,0.005,1,3,0,0.2034,0.740741,786.627
365,HARQ,0.005,1,3,0,0.2042,0.740741,783.546
366,HARQ,0.005,1,3,0,0.2056,0.740741,778.21
367,HARQ,0.005,1,3,0,0.2071,0.740741,772.574
368,HARQ,0.005,1,3,0,0.2029,0.740741,788.566
369,HARQ,0.005,1,3,0,0.2156,0.740741,742.115
370,HARQ,0.005,1,3,0,0.2176,0.740741,735.294
371,HARQ,0.005,1,3,0,0.207,0.740741,772.947
372,HARQ,0.005,1,3,0,0.2164,0.740741,739.372
373,HARQ,0.005,1,3,0,0.209,0.740741,765.55
374,HARQ,0.005,1,3,0,0.2049,0.740741,780.869
375,HARQ,0.005,1,3,0,0.2106,0.740741,759.734
376,HARQ,0.005,1,3,0,0.2044,0.740741,782.779
377,HARQ,0.005,1,3,0,0.2024,0.740741,790.514
378,HARQ,0.005,1,3,0,0.2279,0.740741,702.062
379,HARQ,0.005,1,3,0,0.2115,0.740741,756.501
380,HARQ,0.005,1,3,0,0.2074,0.740741,771.456
381,HARQ,0.005,1,3,0,0.2064,0.740741,775.194
382,HARQ,0.005,1,3,0,0.2017,0.740741,793.257
383,HARQ,0.005,1,3,0,0.2053,0.740741,779.347
384,HARQ,0.005,1,3,0,0.2058,0.740741,777.454
385,HARQ,0.005,1,3,0,0.3336,0.740741,479.616
386,HARQ,0.005,1,3,0,0.2513,0.740741,636.689
387,HARQ,0.005,1,3,0,0.2191,0.740741,730.26
388,HARQ,0.005,1,3,0,0.2172,0.740741,736.648
389,HARQ,0.005,1,3,0,0.2145,0.740741,745.921
390,HARQ,0.005,1,3,0,0.2198,0.740741,727.934
391,HARQ,0.005,1,3,0,0.2154,0.740741,742.804
392,HARQ,0.005,1,3,0,0.2303,0.740741,694.746
393,HARQ,0.005,1,3,0,0.2168,0.740741,738.007
394,HARQ,0.005,1,3,0,0.2101,0.740741,761.542
395,HARQ,0.005,1,3,0,0.2093,0.740741,764.453
396,HARQ,0.005,1,3,0,0.2034,0.740741,786.627
397,HARQ,0.005,1,3,0,0.2092,0.740741,764.818
398,HARQ,0.005,1,3,0,0.2038,0.740741,785.083
399,HARQ,0.005,1,3,0,0.2032,0.740741,787.402
400,HARQ,0.005,1,3,0,0.2063,0.740741,775.57
401,ARQ,0.01,1,3,2,0.0367,0.444444,4359.67
402,ARQ,0.01,1,3,2,0.0365,0.444444,4383.56
403,ARQ,0.01,1,3,1,0.0279,0.555556,5734.77
404,ARQ,0.01,1,3,0,0.024,0.740741,6666.67
405,ARQ,0.01,1,3,5,0.0446,0.277778,3587.44
406,ARQ,0.01,1,3,6,0.0487,0.246914,3285.42
407,ARQ,0.01,1,3,3,0.0406,0.37037,3940.89
408,ARQ,0.01,1,3,0,0.0243,0.740741,6584.36
409,ARQ,0.01,1,3,4,0.0409,0.31746,3911.98
410,ARQ,0.01,1,3,2,0.0345,0.444444,4637.68
411,ARQ,0.01,1,3,2,0.036,0.444444,4444.44
412,ARQ,0.01,1,3,1,0.0275,0.555556,5818.18
413,ARQ,0.01,1,3,1,0.028,0.555556,5714.29
414,ARQ,0.01,1,3,2,0.0355,0.444444,4507.04
415,ARQ,0.01,1,3,1,0.0287,0.555556,5574.91
416,ARQ,0.01,1,3,0,0.0243,0.740741,6584.36
417,ARQ,0.01,1,3,5,0.0467,0.277778,3426.12
418,ARQ,0.01,1,3,7,0.059,0.222222,2711.86
419,ARQ,0.01,1,3,7,0.056,0.222222,2857.14
420,ARQ,0.01,1,3,1,0.0278,0.555556,5755.4
421,ARQ,0.01,1,3,8,0.0636,0.20202,2515.72
422,ARQ,0.01,1,3,2,0.0357,0.444444,4481.79
423,ARQ,0.01,1,3,8,0.0603,0.20202,2653.4
424,ARQ,0.01,1,3,6,0.0501,0.246914,3193.61
425,ARQ,0.01,1,3,0,0.0243,0.740741,6584.36
426,ARQ,0.01,1,3,5,0.047,0.277778,3404.26
427,ARQ,0.01,1,3,5,0.0469,0.277778,3411.51
428,ARQ,0.01,1,3,4,0.0422,0.31746,3791.47
429,ARQ,0.01,1,3,2,0.029,0.444444,5517.24
430,ARQ,0.01,1,3,1,0.0265,0.555556,6037.74
431,ARQ,0.01,1,3,0,0.024,0.740741,6666.67
432,ARQ,0.01,1,3,9,0.0619,0.185185,2584.81
433,ARQ,0.01,1,3,0,0.025,0.740741,6400
434,ARQ,0.01,1,3,1,0.0262,0.555556,6106.87
435,ARQ,0.01,1,3,4,0.0429,0.31746,3729.6
436,ARQ,0.01,1,3,1,0.0292,0.555556,5479.45
437,ARQ,0.01,1,3,0,0.0239,0.740741,6694.56
438,ARQ,0.01,1,3,2,0.0357,0.444444,4481.79
439,ARQ,0.01,1,3,2,0.0375,0.444444,4266.67
440,ARQ,0.01,1,3,0,0.0239,0.740741,6694.56
441,ARQ,0.01,1,3,2,0.0311,0.444444,5144.69
442,ARQ,0.01,1,3,8,0.061,0.20202,2622.95
443,ARQ,0.01,1,3,2,0.0357,0.444444,4481.79
444,ARQ,0.01,1,3,4,0.0439,0.31746,3644.65
445,ARQ,0.01,1,3,1,0.0278,0.555556,5755.4
446,ARQ,0.01,1,3,1,0.0279,0.555556,5734.77
447,ARQ,0.01,1,3,2,0.0351,0.444444,4558.4
448,ARQ,0.01,1,3,6,0.046,0.246914,3478.26
449,ARQ,0.01,1,3,3,0.0421,0.37037,3800.48
450,ARQ,0.01,1,3,3,0.0377,0.37037,4244.03
451,ARQ,0.01,1,3,7,0.058,0.222222,2758.62
452,ARQ,0.01,1,3,2,0.0359,0.444444,4456.82
453,ARQ,0.01,1,3,0,0.0245,0.740741,6530.61
454,ARQ,0.01,1,3,3,0.041,0.37037,3902.44
455,ARQ,0.01,1,3,3,0.0396,0.37037,4040.4
456,ARQ,0.01,1,3,0,0.0245,0.740741,6530.61
457,ARQ,0.01,1,3,2,0.0302,0.444444,5298.01
458,ARQ,0.01,1,3,2,0.0357,0.444444,4481.79
459,ARQ,0.01,1,3,1,0.0275,0.555556,5818.18
460,ARQ,0.01,1,3,4,0.0399,0.31746,4010.03
461,ARQ,0.01,1,3,3,0.0367,0.37037,4359.67
462,ARQ,0.01,1,3,2,0.0368,0.444444,4347.83
463,ARQ,0.01,1,3,3,0.0396,0.37037,4040.4
464,ARQ,0.01,1,3,1,0.028,0.555556,5714.29
465,ARQ,0.01,1,3,2,0.0311,0.444444,5144.69
466,ARQ,0.01,1,3,1,0.0278,0.555556,5755.4
467,ARQ,0.01,1,3,2,0.0358,0.444444,4469.27
468,ARQ,0.01,1,3,4,0.0418,0.31746,3827.75
469,ARQ,0.01,1,3,1,0.0284,0.555556,5633.8
470,ARQ,0.01,1,3,7,0.0589,0.222222,2716.47
471,ARQ,0.01,1,3,0,0.0242,0.740741,6611.57
472,ARQ,0.01,1,3,0,0.024,0.740741,6666.67
473,ARQ,0.01,1,3,0,0.026,0.740741,6153.85
474,ARQ,0.01,1,3,4,0.0415,0.31746,3855.42
475,ARQ,0.01,1,3,0,0.0242,0.740741,6611.57
476,ARQ,0.01,1,3,5,0.0451,0.277778,3547.67
477,ARQ,0.01,1,3,1,0.0282,0.555556,5673.76
478,ARQ,0.01,1,3,1,0.0289,0.555556,5536.33
479,ARQ,0.01,1,3,1,0.0279,0.555556,5734.77
480,ARQ,0.01,1,3,7,0.0581,0.222222,2753.87
481,ARQ,0.01,1,3,0,0.0254,0.740741,6299.21
482,ARQ,0.01,1,3,2,0.0351,0.444444,4558.4
483,ARQ,0.01,1,3,2,0.036,0.444444,4444.44
484,ARQ,0.01,1,3,0,0.0243,0.740741,6584.36
485,ARQ,0.01,1,3,1,0.0275,0.555556,5818.18
486,ARQ,0.01,1,3,1,0.0289,0.555556,5536.33
487,ARQ,0.01,1,3,1,0.0267,0.555556,5992.51
488,ARQ,0.01,1,3,1,0.0276,0.555556,5797.1
489,ARQ,0.01,1,3,4,0.0441,0.31746,3628.12
490,ARQ,0.01,1,3,4,0.0417,0.31746,3836.93
491,ARQ,0.01,1,3,4,0.0416,0.31746,3846.15
492,ARQ,0.01,1,3,6,0.0471,0.246914,3397.03
493,ARQ,0.01,1,3,2,0.0356,0.444444,4494.38
494,ARQ,0.01,1,3,1,0.0288,0.555556,5555.56
495,ARQ,0.01,1,3,6,0.0491,0.246914,3258.66
496,ARQ,0.01,1,3,1,0.0283,0.555556,5653.71
497,ARQ,0.01,1,3,5,0.0885,0.277778,1807.91
498,ARQ,0.01,1,3,0,0.0245,0.740741,6530.61
499,ARQ,0.01,1,3,7,0.0649,0.222222,2465.33
500,ARQ,0.01,1,3,4,0.0426,0.31746,3755.87
501,HARQ,0.01,1,3,0,0.2113,0.740741,757.217
502,HARQ,0.01,1,3,0,0.207,0.740741,772.947
503,HARQ,0.01,1,3,0,0.2181,0.740741,733.608
504,HARQ,0.01,1,3,0,0.2228,0.740741,718.133
505,HARQ,0.01,1,3,0,0.2088,0.740741,766.284
506,HARQ,0.01,1,3,0,0.213,0.740741,751.174
507,HARQ,0.01,1,3,0,0.2087,0.740741,766.651
508,HARQ,0.01,1,3,0,0.2237,0.740741,715.244
509,HARQ,0.01,1,3,0,0.2128,0.740741,751.88
510,HARQ,0.01,1,3,0,0.2059,0.740741,777.076
511,HARQ,0.01,1,3,0,0.2079,0.740741,769.601
512,HARQ,0.01,1,3,0,0.2118,0.740741,755.43
513,HARQ,0.01,1,3,0,0.2068,0.740741,773.694
514,HARQ,0.01,1,3,0,0.2034,0.740741,786.627
515,HARQ,0.01,1,3,0,0.2103,0.740741,760.818
516,HARQ,0.01,1,3,0,0.215,0.740741,744.186
517,HARQ,0.01,1,3,0,0.21,0.740741,761.905
518,HARQ,0.01,1,3,0,0.2347,0.740741,681.721
519,HARQ,0.01,1,3,0,0.2172,0.740741,736.648
520,HARQ,0.01,1,3,0,0.2306,0.740741,693.842
521,HARQ,0.01,1,3,0,0.2463,0.740741,649.614
522,HARQ,0.01,1,3,0,0.2368,0.740741,675.676
523,HARQ,0.01,1,3,0,0.2158,0.740741,741.427
524,HARQ,0.01,1,3,0,0.2092,0.740741,764.818
525,HARQ,0.01,1,3,1,0.2803,0.555556,570.817
526,HARQ,0.01,1,3,0,0.2728,0.740741,586.51
527,HARQ,0.01,1,3,0,0.2026,0.740741,789.733
528,HARQ,0.01,1,3,0,0.225,0.740741,711.111
529,HARQ,0.01,1,3,0,0.2085,0.740741,767.386
530,HARQ,0.01,1,3,0,0.2026,0.740741,789.733
531,HARQ,0.01,1,3,0,0.2037,0.740741,785.469
532,HARQ,0.01,1,3,0,0.2068,0.740741,773.694
533,HARQ,0.01,1,3,0,0.2076,0.740741,770.713
534,HARQ,0.01,1,3,0,0.2139,0.740741,748.013
535,HARQ,0.01,1,3,0,0.2054,0.740741,778.968
536,HARQ,0.01,1,3,0,0.2044,0.740741,782.779
537,HARQ,0.01,1,3,0,0.218,0.740741,733.945
538,HARQ,0.01,1,3,0,0.2043,0.740741,783.162
539,HARQ,0.01,1,3,0,0.2029,0.740741,788.566
540,HARQ,0.01,1,3,0,0.2054,0.740741,778.968
541,HARQ,0.01,1,3,0,0.2057,0.740741,777.832
542,HARQ,0.01,1,3,0,0.2028,0.740741,788.955
543,HARQ,0.01,1,3,0,0.2073,0.740741,771.828
544,HARQ,0.01,1,3,0,0.2045,0.740741,782.396
545,HARQ,0.01,1,3,0,0.2032,0.740741,787.402
546,HARQ,0.01,1,3,0,0.2213,0.740741,723
547,HARQ,0.01,1,3,0,0.2047,0.740741,781.632
548,HARQ,0.01,1,3,0,0.2025,0.740741,790.123
549,HARQ,0.01,1,3,0,0.2088,0.740741,766.284
550,HARQ,0.01,1,3,0,0.2042,0.740741,783.546
551,HARQ,0.01,1,3,0,0.2064,0.740741,775.194
552,HARQ,0.01,1,3,0,0.2055,0.740741,778.589
553,HARQ,0.01,1,3,0,0.2029,0.740741,788.566
554,HARQ,0.01,1,3,0,0.2132,0.740741,750.469
555,HARQ,0.01,1,3,0,0.2079,0.740741,769.601
556,HARQ,0.01,1,3,0,0.2014,0.740741,794.439
557,HARQ,0.01,1,3,0,0.2132,0.740741,750.469
558,HARQ,0.01,1,3,1,0.2735,0.555556,585.009
559,HARQ,0.01,1,3,0,0.2079,0.740741,769.601
560,HARQ,0.01,1,3,0,0.2017,0.740741,793.257
561,HARQ,0.01,1,3,0,0.2026,0.740741,789.733
562,HARQ,0.01,1,3,0,0.2101,0.740741,761.542
563,HARQ,0.01,1,3,0,0.2028,0.740741,788.955
564,HARQ,0.01,1,3,0,0.2054,0.740741,778.968
565,HARQ,0.01,1,3,0,0.2057,0.740741,777.832
566,HARQ,0.01,1,3,0,0.2035,0.740741,786.241
567,HARQ,0.01,1,3,0,0.2042,0.740741,783.546
568,HARQ,0.01,1,3,0,0.2074,0.740741,771.456
569,HARQ,0.01,1,3,0,0.2053,0.740741,779.347
570,HARQ,0.01,1,3,0,0.2048,0.740741,781.25
571,HARQ,0.01,1,3,0,0.2064,0.740741,775.194
572,HARQ,0.01,1,3,0,0.2042,0.740741,783.546
573,HARQ,0.01,1,3,0,0.2006,0.740741,797.607
574,HARQ,0.01,1,3,0,0.2106,0.740741,759.734
575,HARQ,0.01,1,3,0,0.2048,0.740741,781.25
576,HARQ,0.01,1,3,0,0.2027,0.740741,789.344
577,HARQ,0.01,1,3,0,0.2088,0.740741,766.284
578,HARQ,0.01,1,3,0,0.2113,0.740741,757.217
579,HARQ,0.01,1,3,0,0.2104,0.740741,760.456
580,HARQ,0.01,1,3,0,0.2126,0.740741,752.587
581,HARQ,0.01,1,3,0,0.2101,0.740741,761.542
582,HARQ,0.01,1,3,0,0.2052,0.740741,779.727
583,HARQ,0.01,1,3,0,0.2169,0.740741,737.667
584,HARQ,0.01,1,3,0,0.2052,0.740741,779.727
585,HARQ,0.01,1,3,0,0.2008,0.740741,796.813
586,HARQ,0.01,1,3,1,0.2758,0.555556,580.131
587,HARQ,0.01,1,3,0,0.2026,0.740741,789.733
588,HARQ,0.01,1,3,0,0.2056,0.740741,778.21
589,HARQ,0.01,1,3,0,0.2049,0.740741,780.869
590,HARQ,0.01,1,3,0,0.2012,0.740741,795.229
591,HARQ,0.01,1,3,0,0.2065,0.740741,774.818
592,HARQ,0.01,1,3,0,0.2072,0.740741,772.201
593,HARQ,0.01,1,3,0,0.2049,0.740741,780.869
594,HARQ,0.01,1,3,0,0.2046,0.740741,782.014
595,HARQ,0.01,1,3,0,0.2011,0.740741,795.624
596,HARQ,0.01,1,3,0,0.2062,0.740741,775.946
597,HARQ,0.01,1,3,0,0.2183,0.740741,732.936
598,HARQ,0.01,1,3,1,0.4289,0.555556,373.047
599,HARQ,0.01,1,3,0,0.3122,0.740741,512.492
600,HARQ,0.01,1,3,0,0.3197,0.740741,500.469
601,ARQ,0.05,1,3,19,0.1087,0.10101,1471.94
602,ARQ,0.05,0,3,35,0.4014,0.0584795,398.605
603,ARQ,0.05,0,3,32,0.2146,0.0634921,745.573
604,ARQ,0.05,0,3,29,0.3107,0.0694444,514.966
605,ARQ,0.05,0,3,34,0.2372,0.0600601,674.536
606,ARQ,0.05,0,3,20,0.1594,0.0966184,1003.76
607,ARQ,0.05,0,3,35,0.2076,0.0584795,770.713
608,ARQ,0.05,0,3,34,0.1681,0.0600601,951.814
609,ARQ,0.05,0,3,33,0.1429,0.0617284,1119.66
610,ARQ,0.05,0,3,48,0.2066,0.043573,774.443
611,ARQ,0.05,1,3,12,0.0805,0.148148,1987.58
612,ARQ,0.05,0,3,20,0.1164,0.0966184,1374.57
613,ARQ,0.05,0,3,24,0.1262,0.0823045,1267.83
614,ARQ,0.05,0,3,28,0.1618,0.0716846,988.875
615,ARQ,0.05,1,3,12,0.0618,0.148148,2589
616,ARQ,0.05,1,3,25,0.1291,0.0793651,1239.35
617,ARQ,0.05,0,3,36,0.1761,0.0569801,908.575
618,ARQ,0.05,0,3,37,0.1706,0.0555556,937.866
619,ARQ,0.05,0,3,47,0.2115,0.0444444,756.501
620,ARQ,0.05,0,3,41,0.1868,0.0505051,856.531
621,ARQ,0.05,0,3,24,0.1264,0.0823045,1265.82
622,ARQ,0.05,0,3,34,0.171,0.0600601,935.673
623,ARQ,0.05,0,3,32,0.1346,0.0634921,1188.71
624,ARQ,0.05,0,3,18,0.1048,0.10582,1526.72
625,ARQ,0.05,0,3,47,0.2049,0.0444444,780.869
626,ARQ,0.05,0,3,24,0.1044,0.0823045,1532.57
627,ARQ,0.05,0,3,46,0.2058,0.0453515,777.454
628,ARQ,0.05,0,3,33,0.165,0.0617284,969.697
629,ARQ,0.05,0,3,39,0.1805,0.0529101,886.427
630,ARQ,0.05,0,3,32,0.1691,0.0634921,946.186
631,ARQ,0.05,0,3,18,0.1028,0.10582,1556.42
632,ARQ,0.05,0,3,46,0.2051,0.0453515,780.107
633,ARQ,0.05,0,3,40,0.188,0.0516796,851.064
634,ARQ,0.05,0,3,36,0.1604,0.0569801,997.506
635,ARQ,0.05,0,3,29,0.1527,0.0694444,1047.81
636,ARQ,0.05,1,3,14,0.0902,0.130719,1773.84
637,ARQ,0.05,0,3,29,0.144,0.0694444,1111.11
638,ARQ,0.05,0,3,35,0.1537,0.0584795,1040.99
639,ARQ,0.05,0,3,32,0.1639,0.0634921,976.205
640,ARQ,0.05,0,3,34,0.1709,0.0600601,936.22
641,ARQ,0.05,0,3,39,0.1849,0.0529101,865.333
642,ARQ,0.05,0,3,37,0.1792,0.0555556,892.857
643,ARQ,0.05,0,3,24,0.1282,0.0823045,1248.05
644,ARQ,0.05,0,3,34,0.1694,0.0600601,944.51
645,ARQ,0.05,0,3,22,0.093,0.0888889,1720.43
646,ARQ,0.05,0,3,33,0.1646,0.0617284,972.053
647,ARQ,0.05,0,3,35,0.1734,0.0584795,922.722
648,ARQ,0.05,0,3,28,0.1477,0.0716846,1083.28
649,ARQ,0.05,0,3,43,0.1919,0.0483092,833.768
650,ARQ,0.05,0,3,41,0.1877,0.0505051,852.424
651,ARQ,0.05,0,3,45,0.2009,0.0462963,796.416
652,ARQ,0.05,0,3,28,0.1452,0.0716846,1101.93
653,ARQ,0.05,0,3,28,0.1445,0.0716846,1107.27
654,ARQ,0.05,0,3,42,0.1894,0.0493827,844.773
655,ARQ,0.05,0,3,34,0.168,0.0600601,952.381
656,ARQ,0.05,0,3,35,0.1622,0.0584795,986.436
657,ARQ,0.05,0,3,31,0.1599,0.0653595,1000.63
658,ARQ,0.05,0,3,31,0.1515,0.0653595,1056.11
659,ARQ,0.05,0,3,43,0.1916,0.0483092,835.073
660,ARQ,0.05,0,3,41,0.191,0.0505051,837.696
661,ARQ,0.05,0,3,31,0.1611,0.0653595,993.172
662,ARQ,0.05,0,3,36,0.1503,0.0569801,1064.54
663,ARQ,0.05,0,3,48,0.2075,0.043573,771.084
664,ARQ,0.05,0,3,24,0.1251,0.0823045,1278.98
665,ARQ,0.05,0,3,18,0.1033,0.10582,1548.89
666,ARQ,0.05,0,3,34,0.1704,0.0600601,938.967
667,ARQ,0.05,0,3,33,0.1647,0.0617284,971.463
668,ARQ,0.05,0,3,33,0.1676,0.0617284,954.654
669,ARQ,0.05,0,3,31,0.16,0.0653595,1000
670,ARQ,0.05,0,3,33,0.1673,0.0617284,956.366
671,ARQ,0.05,0,3,25,0.1271,0.0793651,1258.85
672,ARQ,0.05,0,3,48,0.2045,0.043573,782.396
673,ARQ,0.05,0,3,36,0.1782,0.0569801,897.868
674,ARQ,0.05,0,3,33,0.1714,0.0617284,933.489
675,ARQ,0.05,0,3,25,0.1376,0.0793651,1162.79
676,ARQ,0.05,0,3,17,0.1002,0.111111,1596.81
677,ARQ,0.05,0,3,17,0.1005,0.111111,1592.04
678,ARQ,0.05,0,3,24,0.1287,0.0823045,1243.2
679,ARQ,0.05,0,3,47,0.2057,0.0444444,777.832
680,ARQ,0.05,0,3,47,0.2125,0.0444444,752.941
681,ARQ,0.05,0,3,23,0.1197,0.0854701,1336.68
682,ARQ,0.05,0,3,28,0.1492,0.0716846,1072.39
683,ARQ,0.05,0,3,24,0.1231,0.0823045,1299.76
684,ARQ,0.05,1,3,11,0.0766,0.15873,2088.77
685,ARQ,0.05,0,3,34,0.1509,0.0600601,1060.3
686,ARQ,0.05,0,3,34,0.1679,0.0600601,952.948
687,ARQ,0.05,0,3,31,0.1616,0.0653595,990.099
688,ARQ,0.05,0,3,32,0.1344,0.0634921,1190.48
689,ARQ,0.05,0,3,44,0.1908,0.0472813,838.574
690,ARQ,0.05,0,3,35,0.1637,0.0584795,977.398
691,ARQ,0.05,0,3,36,0.1712,0.0569801,934.579
692,ARQ,0.05,0,3,34,0.1505,0.0600601,1063.12
693,ARQ,0.05,0,3,36,0.1684,0.0569801,950.119
694,ARQ,0.05,0,3,17,0.1015,0.111111,1576.35
695,ARQ,0.05,0,3,42,0.1896,0.0493827,843.882
696,ARQ,0.05,0,3,40,0.1886,0.0516796,848.356
697,ARQ,0.05,0,3,37,0.1798,0.0555556,889.878
698,ARQ,0.05,0,3,30,0.1544,0.0673401,1036.27
699,ARQ,0.05,0,3,32,0.1657,0.0634921,965.6
700,ARQ,0.05,0,3,34,0.1677,0.0600601,954.085
701,HARQ,0.05,1,3,1,0.2563,0.555556,624.268
702,HARQ,0.05,1,3,0,0.2059,0.740741,777.076
703,HARQ,0.05,1,3,2,0.3527,0.444444,453.643
704,HARQ,0.05,1,3,1,0.2868,0.555556,557.88
705,HARQ,0.05,1,3,0,0.2296,0.740741,696.864
706,HARQ,0.05,1,3,0,0.2469,0.740741,648.036
707,HARQ,0.05,1,3,0,0.2161,0.740741,740.398
708,HARQ,0.05,1,3,0,0.22,0.740741,727.273
709,HARQ,0.05,1,3,1,0.2923,0.555556,547.383
710,HARQ,0.05,1,3,0,0.2105,0.740741,760.095
711,HARQ,0.05,1,3,0,0.2632,0.740741,607.903
712,HARQ,0.05,1,3,0,0.2024,0.740741,790.514
713,HARQ,0.05,1,3,1,0.279,0.555556,573.477
714,HARQ,0.05,1,3,0,0.2057,0.740741,777.832
715,HARQ,0.05,1,3,1,0.2774,0.555556,576.784
716,HARQ,0.05,1,3,0,0.2044,0.740741,782.779
717,HARQ,0.05,1,3,1,0.2775,0.555556,576.577
718,HARQ,0.05,1,3,0,0.2051,0.740741,780.107
719,HARQ,0.05,1,3,0,0.2052,0.740741,779.727
720,HARQ,0.05,1,3,0,0.2031,0.740741,787.789
721,HARQ,0.05,1,3,0,0.2083,0.740741,768.123
722,HARQ,0.05,1,3,0,0.2059,0.740741,777.076
723,HARQ,0.05,1,3,0,0.2021,0.740741,791.687
724,HARQ,0.05,1,3,0,0.2134,0.740741,749.766
725,HARQ,0.05,1,3,0,0.2136,0.740741,749.064
726,HARQ,0.05,1,3,1,0.2497,0.555556,640.769
727,HARQ,0.05,1,3,0,0.2227,0.740741,718.455
728,HARQ,0.05,1,3,2,0.3449,0.444444,463.903
729,HARQ,0.05,1,3,1,0.2907,0.555556,550.396
730,HARQ,0.05,1,3,1,0.2714,0.555556,589.536
731,HARQ,0.05,1,3,0,0.2089,0.740741,765.917
732,HARQ,0.05,1,3,0,0.2027,0.740741,789.344
733,HARQ,0.05,1,3,0,0.2146,0.740741,745.573
734,HARQ,0.05,1,3,2,0.3422,0.444444,467.563
735,HARQ,0.05,1,3,1,0.2753,0.555556,581.184
736,HARQ,0.05,1,3,0,0.2004,0.740741,798.403
737,HARQ,0.05,1,3,1,0.2776,0.555556,576.369
738,HARQ,0.05,1,3,1,0.2721,0.555556,588.019
739,HARQ,0.05,1,3,0,0.2095,0.740741,763.723
740,HARQ,0.05,1,3,3,0.3898,0.37037,410.467
741,HARQ,0.05,1,3,0,0.2057,0.740741,777.832
742,HARQ,0.05,1,3,0,0.207,0.740741,772.947
743,HARQ,0.05,1,3,1,0.2756,0.555556,580.552
744,HARQ,0.05,1,3,1,0.2961,0.555556,540.358
745,HARQ,0.05,1,3,0,0.2018,0.740741,792.864
746,HARQ,0.05,1,3,2,0.3532,0.444444,453.001
747,HARQ,0.05,1,3,3,0.4415,0.37037,362.401
748,HARQ,0.05,1,3,1,0.2839,0.555556,563.579
749,HARQ,0.05,1,3,2,0.3429,0.444444,466.608
750,HARQ,0.05,1,3,0,0.2131,0.740741,750.821
751,HARQ,0.05,1,3,3,0.3868,0.37037,413.65
752,HARQ,0.05,1,3,1,0.2731,0.555556,585.866
753,HARQ,0.05,1,3,1,0.3107,0.555556,514.966
754,HARQ,0.05,1,3,2,0.4183,0.444444,382.501
755,HARQ,0.05,1,3,0,0.2217,0.740741,721.696
756,HARQ,0.05,1,3,3,0.4249,0.37037,376.559
757,HARQ,0.05,1,3,2,0.365,0.444444,438.356
758,HARQ,0.05,1,3,0,0.2119,0.740741,755.073
759,HARQ,0.05,1,3,0,0.2099,0.740741,762.268
760,HARQ,0.05,1,3,0,0.2137,0.740741,748.713
761,HARQ,0.05,1,3,2,0.3488,0.444444,458.716
762,HARQ,0.05,1,3,0,0.2136,0.740741,749.064
763,HARQ,0.05,1,3,0,0.213,0.740741,751.174
764,HARQ,0.05,1,3,1,0.2724,0.555556,587.372
765,HARQ,0.05,1,3,1,0.2437,0.555556,656.545
766,HARQ,0.05,1,3,1,0.2782,0.555556,575.126
767,HARQ,0.05,1,3,2,0.3426,0.444444,467.017
768,HARQ,0.05,1,3,0,0.2061,0.740741,776.322
769,HARQ,0.05,1,3,1,0.2754,0.555556,580.973
770,HARQ,0.05,1,3,0,0.2089,0.740741,765.917
771,HARQ,0.05,1,3,0,0.2053,0.740741,779.347
772,HARQ,0.05,1,3,1,0.2739,0.555556,584.155
773,HARQ,0.05,1,3,0,0.2056,0.740741,778.21
774,HARQ,0.05,1,3,1,0.2774,0.555556,576.784
775,HARQ,0.05,1,3,2,0.3467,0.444444,461.494
776,HARQ,0.05,1,3,0,0.214,0.740741,747.664
777,HARQ,0.05,1,3,0,0.2148,0.740741,744.879
778,HARQ,0.05,1,3,0,0.2013,0.740741,794.834
779,HARQ,0.05,1,3,1,0.2765,0.555556,578.662
780,HARQ,0.05,1,3,1,0.2763,0.555556,579.081
781,HARQ,0.05,1,3,0,0.209,0.740741,765.55
782,HARQ,0.05,1,3,1,0.2474,0.555556,646.726
783,HARQ,0.05,1,3,1,0.2749,0.555556,582.03
784,HARQ,0.05,1,3,0,0.2072,0.740741,772.201
785,HARQ,0.05,1,3,0,0.2091,0.740741,765.184
786,HARQ,0.05,1,3,0,0.2022,0.740741,791.296
787,HARQ,0.05,1,3,2,0.3482,0.444444,459.506
788,HARQ,0.05,1,3,1,0.2734,0.555556,585.223
789,HARQ,0.05,1,3,0,0.2096,0.740741,763.359
790,HARQ,0.05,1,3,2,0.3412,0.444444,468.933
791,HARQ,0.05,1,3,0,0.2119,0.740741,755.073
792,HARQ,0.05,1,3,0,0.2027,0.740741,789.344
793,HARQ,0.05,1,3,0,0.211,0.740741,758.294
794,HARQ,0.05,1,3,0,0.213,0.740741,751.174
795,HARQ,0.05,1,3,0,0.2028,0.740741,788.955
796,HARQ,0.05,1,3,0,0.2072,0.740741,772.201
797,HARQ,0.05,1,3,0,0.209,0.740741,765.55
798,HARQ,0.05,1,3,1,0.2468,0.555556,648.298
799,HARQ,0.05,1,3,0,0.2053,0.740741,779.347
800,HARQ,0.05,1,3,0,0.2019,0.740741,792.472
